{
  "id": "magnus-calendar",
  "name": "TEMPUS · $100K",
  "startingCapital": 100000,
  "portfolio": {
    "okx": {
      "USDT": 6204.081632653061,
      "BTC": 0.009692307599112427,
      "ETH": 0.3243137476057087,
      "SOL": 8.838422587079945,
      "BNB": 1.1851239293969003,
      "XRP": 536.1750611574679,
      "AVAX": 53.56180418473912,
      "LINK": 53.42159768417373,
      "ADA": 2000.800320128051,
      "DOT": 399.83340274885455,
      "ATOM": 253.18992937055927,
      "UNI": 153.1090710745067,
      "NEAR": 363.48491158986775,
      "ARB": 3973.8421838249715,
      "OP": 4057.961212654075
    },
    "gateio": {
      "USDT": 6204.081632653061,
      "BTC": 0.009692307599112427,
      "ETH": 0.3243137476057087,
      "SOL": 8.838422587079945,
      "BNB": 1.1851239293969003,
      "XRP": 536.1750611574679,
      "AVAX": 53.56180418473912,
      "LINK": 53.42159768417373,
      "ADA": 2000.800320128051,
      "DOT": 399.83340274885455,
      "ATOM": 253.18992937055927,
      "UNI": 153.1090710745067,
      "NEAR": 363.48491158986775,
      "ARB": 3973.8421838249715,
      "OP": 4057.961212654075
    },
    "binance": {
      "USDT": 6204.081632653061,
      "BTC": 0.009692307599112427,
      "ETH": 0.3243137476057087,
      "SOL": 8.838422587079945,
      "BNB": 1.1851239293969003,
      "XRP": 536.1750611574679,
      "AVAX": 53.56180418473912,
      "LINK": 53.42159768417373,
      "ADA": 2000.800320128051,
      "DOT": 399.83340274885455,
      "ATOM": 253.18992937055927,
      "UNI": 153.1090710745067,
      "NEAR": 363.48491158986775,
      "ARB": 3973.8421838249715,
      "OP": 4057.961212654075
    },
    "bitget": {
      "USDT": 6204.081632653061,
      "BTC": 0.009692307599112427,
      "ETH": 0.3243137476057087,
      "SOL": 8.838422587079945,
      "BNB": 1.1851239293969003,
      "XRP": 536.1750611574679,
      "AVAX": 53.56180418473912,
      "LINK": 53.42159768417373,
      "ADA": 2000.800320128051,
      "DOT": 399.83340274885455,
      "ATOM": 253.18992937055927,
      "UNI": 153.1090710745067,
      "NEAR": 363.48491158986775,
      "ARB": 3973.8421838249715,
      "OP": 4057.961212654075
    },
    "kucoin": {
      "USDT": 6204.081632653061,
      "BTC": 0.009692307599112427,
      "ETH": 0.3243137476057087,
      "SOL": 8.838422587079945,
      "BNB": 1.1851239293969003,
      "XRP": 536.1750611574679,
      "AVAX": 53.56180418473912,
      "LINK": 53.42159768417373,
      "ADA": 2000.800320128051,
      "DOT": 399.83340274885455,
      "ATOM": 253.18992937055927,
      "UNI": 153.1090710745067,
      "NEAR": 363.48491158986775,
      "ARB": 3973.8421838249715,
      "OP": 4057.961212654075
    },
    "mexc": {
      "USDT": 6204.081632653061,
      "BTC": 0.009692307599112427,
      "ETH": 0.3243137476057087,
      "SOL": 8.838422587079945,
      "BNB": 1.1851239293969003,
      "XRP": 536.1750611574679,
      "AVAX": 53.56180418473912,
      "LINK": 53.42159768417373,
      "ADA": 2000.800320128051,
      "DOT": 399.83340274885455,
      "ATOM": 253.18992937055927,
      "UNI": 153.1090710745067,
      "NEAR": 363.48491158986775,
      "ARB": 3973.8421838249715,
      "OP": 4057.961212654075
    },
    "htx": {
      "USDT": 6204.081632653061,
      "BTC": 0.009692307599112427,
      "ETH": 0.3243137476057087,
      "SOL": 8.838422587079945,
      "BNB": 1.1851239293969003,
      "XRP": 536.1750611574679,
      "AVAX": 53.56180418473912,
      "LINK": 53.42159768417373,
      "ADA": 2000.800320128051,
      "DOT": 399.83340274885455,
      "ATOM": 253.18992937055927,
      "UNI": 153.1090710745067,
      "NEAR": 363.48491158986775,
      "ARB": 3973.8421838249715,
      "OP": 4057.961212654075
    }
  },
  "totalPortfolioValueUsd": 99981.28856999,
  "totalPnl": -18.71143001,
  "totalPnlPercent": -0.01871143001,
  "tradingPnl": 0,
  "totalTrades": 0,
  "voidedSignals": 0,
  "voidedReasons": {},
  "winningTrades": 0,
  "losingTrades": 0,
  "winRate": 0,
  "bestTrade": null,
  "worstTrade": null,
  "totalFeesPaid": 0,
  "totalSlippageCost": 0,
  "totalRebalanceFees": 0,
  "rebalanceCount": 0,
  "maxDrawdown": 18.711430005932925,
  "peakValue": 100000,
  "dailyOpenValue": 100000,
  "dailyOpenDate": "2026-04-28",
  "inventoryCoins": [
    "BTC",
    "ETH",
    "SOL",
    "BNB",
    "XRP",
    "AVAX",
    "LINK",
    "ADA",
    "DOT",
    "MATIC",
    "ATOM",
    "UNI",
    "NEAR",
    "ARB",
    "OP"
  ],
  "activeExchanges": [
    "okx",
    "gateio",
    "binance",
    "bitget",
    "kucoin",
    "mexc",
    "htx"
  ],
  "recentTrades": [],
  "recentVoided": [],
  "recentRebalances": [],
  "startedAt": 1777386392442,
  "lastTradeAt": null,
  "isRunning": true,
  "circuitBreakerActive": false,
  "circuitBreakerReason": "",
  "voidByCategory": {
    "dex": 0,
    "exchangeMissing": 0,
    "noInventory": 0,
    "noUsdt": 0,
    "tooSmall": 0,
    "circuitBreaker": 0
  },
  "rebalanceStats": {
    "tier1Count": 0,
    "tier2Count": 0,
    "tier3Count": 0,
    "tier1Fees": 0,
    "tier2Fees": 0,
    "tier3Fees": 0,
    "totalRebalanceCost": 0,
    "inTransitCount": 0,
    "inTransitValueUsd": 0
  },
  "inTransitFunds": [],
  "rescuedVoids": 0,
  "currentCycle": {
    "cycleNumber": 1,
    "startedAt": 0,
    "phase": "trading",
    "liquidationResults": null,
    "restockResults": null
  },
  "cycleHistory": [],
  "nextCycleAt": 1777389992442,
  "totalCycleFees": 0,
  "realizedInventoryPnl": 0,
  "unrealizedInventoryPnl": -18.71143001,
  "inventoryValueUsd": 56552.71714142,
  "restockPrices": {
    "BTC": 75801.75,
    "ETH": 2265.38,
    "SOL": 83.125,
    "BNB": 619.93,
    "XRP": 1.37025,
    "AVAX": 9.1445,
    "LINK": 9.1685,
    "ADA": 0.2448,
    "DOT": 1.225,
    "ATOM": 1.9344999999999999,
    "UNI": 3.199,
    "NEAR": 1.3475000000000001,
    "ARB": 0.123255,
    "OP": 0.1207
  }
}